,Title,Content,Predicted Category,Actual Category,LLM Output
0,TY KU, TY KU /taɪkuː/ is an American alcoholic beverage company that specializes in sake and other spirits. The privately-held company was founded in 2004 and is headquartered in New York City New York. While based in New York TY KU's beverages are made in Japan through a joint venture with two sake breweries. Since 2011 TY KU's growth has extended its products into all 50 states.,Artist,Company,"Let's break down the information provided and determine the most appropriate category for TY KU.

**Company**

The information provided is about TY KU, an American alcoholic beverage company. It includes details about the company's history, location, and products. This suggests that the category ""Company"" is the most appropriate.

**Educational Institution**

TY KU is not an educational institution, so this category is not applicable.

**Artist**

TY KU is a"
1,Odd Lot Entertainment, OddLot Entertainment founded in 2001 by longtime producers Gigi Pritzker and Deborah Del Prete (The Wedding Planner) is a film production and financing company based in Culver City California.OddLot produced the film version of Orson Scott Card's sci-fi novel Ender's Game. A film version of this novel had been in the works in one form or another for more than a decade by the time of its release.,Athlete,Company,"Let's analyze the information provided to determine the most appropriate category for OddLot Entertainment:

1. **Company**: OddLot Entertainment is a film production and financing company, which fits this category.
2. **Educational Institution**: There is no indication that OddLot Entertainment is an educational institution.
3. **Artist**: While Gigi Pritzker and Deborah Del Prete are producers, OddLot Entertainment itself is not an artist.
4. **Athlete**: OddLot Entertainment is not associated with athletes"
10,UCSB College of Letters & Science, The College of Letters and Science is the largest college at the University of California Santa Barbara.The College which offers 80 majors and 38 minors to over 17000 undergraduates and 2000 graduate students has about 700 faculty members.,Company,EducationalInstitution,"The College of Letters and Science offers a wide range of academic programs, including 80 majors and 38 minors, catering to a large student population. With over 17,000 undergraduates and 2,000 graduate students, the college is a significant contributor to the university's academic landscape. The presence of approximately 700 faculty members further emphasizes the college's comprehensive and robust academic offerings."
11,Spokane Valley High School, Spokane Valley High School (also known as SVHS) is a enterprising school of choice founded on relationships and driven to actively challenge students. It is a non-traditional all-day project-based school which has won Washington Achievement Award and Washington Designated Innovative Schools Award. In addition to all-day programs the school also offers Transition and G.E.D.,WrittenWork,EducationalInstitution,"Spokane Valley High School (SVHS) is a non-traditional, project-based school that offers an all-day program, as well as Transition and G.E.D. services. It is known for its focus on relationships and student engagement, and has been recognized with the Washington Achievement Award and Washington Designated Innovative Schools Award."
12,Eva Ingolf, Eva Ingolf is a well known Icelandic violinist particularly recognized for her authoritative performances of solo works by J. S. Bach. She comes from a leading musical family and her father Ingólfur Guðbrandsson premiered many of the great choral works in Iceland and six of her sisters and brothers are professional musicians who have made an important contribution to the high quality of the musical life in the country.Eva Ingolf currently lives in New York City with her husband Kristinn Sv.,Building,Artist,"This text provides biographical information about Eva Ingolf, a renowned Icelandic violinist. Here's a breakdown of the information and a potential category:

**Information:**

* **Name:** Eva Ingolf
* **Occupation:** Violinist
* **Recognition:** Known for authoritative performances of J.S. Bach's solo works.
* **Family:** Comes from a leading musical family in Iceland.
* **Father:** Ingólfur Guðbrandsson, premiered many choral works in Iceland."
13,Harley Peyton, Harley Peyton is an American television producer and writer. He worked in both capacities on Twin Peaks and was nominated for an Emmy Award for his writing on the series. He went to Harvard and Stanford.,OfficeHolder,Artist,"Harley Peyton is an American television producer and writer, known for his work on the series Twin Peaks, for which he was nominated for an Emmy Award. He has also worked in both capacities on the show. Peyton attended Harvard and Stanford universities."
14,Geoffrey A. Landis, Geoffrey Alan Landis (born May 28 1955) is an American scientist working for the National Aeronautics and Space Administration (NASA) on planetary exploration interstellar propulsion solar power and photovoltaics.,WrittenWork,Artist,"Let's think step by step. This encyclopedia article is about Geoffrey Alan Landis, who is a scientist working for NASA. While the article mentions his work on various projects, it is not a company, educational institution, artist, athlete, office holder, method of transportation, building, natural place, village, animal, plant, album, film, or written work. The most fitting category is therefore Person. However, since the article is about his professional background and contributions, it is more specific to his"
16,Maia Hirasawa, Maia Hirasawa (born May 5 1980) is a Swedish singer-songwriter of Swedish and Japanese parentage.She was born and raised in Sollentuna Stockholm Sweden but has lived for many years in Gothenburg. Maia became known through Annika Norlin's band Hello Saferide where she is a back-up singer. Her solo career began in early 2007 when the song And I Found This Boy started being played heavily on Swedish radio.,Village,Artist,"Let's analyze the information provided to determine the most appropriate category for Maia Hirasawa.

The text describes Maia Hirasawa as a ""Swedish singer-songwriter of Swedish and Japanese parentage."" It mentions her birthplace and upbringing in Sollentuna, Stockholm, Sweden, and her residence in Gothenburg. Additionally, it highlights her role as a backup singer in Annika Norlin's band, Hello Saferide, and the start of her solo career with the song ""And I Found This Boy"
17,Miss Dominique, Miss Dominique [as she is generally known as] born Dominique Michalon September 7 1978 in Sarcelles France is a French singer and second-place finalist of the fourth edition of Nouvelle Star [based version of Pop Idol]. Her parents are both Caribbean.,NaturalPlace,Artist,"Miss Dominique, born Dominique Michalon on September 7, 1978, in Sarcelles, France, is a French singer. She gained recognition as the second-place finalist of the fourth edition of ""Nouvelle Star,"" a French version of the popular singing competition ""Pop Idol."" Her parents are of Caribbean descent.

Category: Person"
19,Harry Mattick, Harry Mattick (born 20 December 1993) is a British figure skater. He is the 2013 British national silver medalist.As a child he was injured in a car accident that killed his father.,OfficeHolder,Athlete,"Let's analyze the information provided:

* Harry Mattick is a British figure skater.
* He is the 2013 British national silver medalist.
* As a child, he was injured in a car accident that killed his father.

Based on this information, we can categorize Harry Mattick as:

* **Athlete** - He is a figure skater and has achieved a notable achievement (silver medal).
* **Office Holder** - This category is not"
25,Walter Hundley, R. Walter Hundley (born January 12 1953) is a Republican member of the South Carolina Senate representing the people of the 41st District. Hundley was elected in a special general election on July 17 2012 to fulfill the remainder of Lieutenant Governor Glenn F. McConnell's term.,Album,OfficeHolder,"Let's break down the information provided:

* **Name:** R. Walter Hundley
* **Birth Date:** January 12, 1953
* **Political Party:** Republican
* **Current Position:** Member of the South Carolina Senate
* **District:** 41st District
* **Election Date:** July 17, 2012
* **Election Purpose:** To fulfill the remainder of Lieutenant Governor Glenn F. McConnell's term
"
26,Hubert Benoit, Hubert Benoit (born February 25 1963) is a politician from Quebec Canada. He was an Action démocratique du Québec Member of the National Assembly for the electoral district of Montmorency from 2007 to 2008.Benoit holds a diploma from the Tourism and Hotel Institution of Quebec in human resources management and operation cost in restoration and followed additional courses and training in financial services at the Financial Security Chamber and at Great-West an insurance company.,EducationalInstitution,OfficeHolder,"Let's analyze the information provided about Hubert Benoit:

- **Name:** Hubert Benoit
- **Birth Date:** February 25, 1963
- **Occupation:** Politician from Quebec, Canada
- **Political Affiliation:** Action démocratique du Québec
- **Electoral District:** Montmorency
- **Membership Period:** 2007 to 2008
- **Education:** Diploma in human resources management and operation cost in restoration from the Tourism and Hotel Institution of"
29,Cate Faehrmann, Cate Faehrmann (born 17 March 1970) is an Australian politician environmental activist and the chairperson of Sea Shepherd Australia.Faehrmann was a Greens New South Wales member of the New South Wales Legislative Council from 2011 to 2013. She resigned from the Legislative Council in June 2013 in order to mount an unsuccessful bid for the Australian Senate at the 2013 federal election.,Film,OfficeHolder,"Let's break down the information provided and determine the most appropriate category for this entry.

The information is about Cate Faehrmann, an Australian politician, environmental activist, and chairperson of Sea Shepherd Australia. She was a member of the New South Wales Legislative Council from 2011 to 2013 and resigned to run for the Australian Senate in the 2013 federal election.

Given the details:
- Cate Faehrmann is a politician"
30,British Rail Class 421, The British Rail Class 421 (or 4Cig) electrical multiple units were built at BR York Works between 1964 and 1972. Units were built in two batches and were initially introduced on services on the Brighton Main Line. Later units were introduced on services to Portsmouth. These units replaced older Southern Railway-designed units such as the 5Bel Brighton Belle units and 4Cor units.,EducationalInstitution,MeanOfTransportation,"The information provided describes the British Rail Class 421 electrical multiple units, which were built between 1964 and 1972 at the BR York Works. The units were initially introduced on the Brighton Main Line and later on services to Portsmouth. They replaced older units designed by the Southern Railway, including the 5Bel Brighton Belle units and 4Cor units.

Given the context, the most appropriate category for this information is **Educational Institution**. The information is"
31,USS Gilmore (DE-18), USS Gilmore (DE-18) was an Evarts-class short-hull destroyer escort in the service of the United States Navy named after Commander Walter William Gilmore Supply Corps killed on 8 May 1942 while serving as the supply officer of the Lexington (CV-2) in the Battle of Coral Sea.Originally allocated to the United Kingdom under terms of the Lend-Lease Program the ship was launched as HMS Halder (BDE-18) on 22 October 1942 by Mare Island Naval Shipyard California; sponsored by Mrs. Otis J.,Artist,MeanOfTransportation,"Let's break down the information provided:

* **USS Gilmore (DE-18)** was a U.S. Navy destroyer escort.
* It was named after Commander Walter William Gilmore, who was killed on May 8, 1942, while serving as the supply officer of the Lexington (CV-2) during the Battle of Coral Sea.
* The ship was originally allocated to the United Kingdom under the Lend-Lease Program.
* It was launched as"
34,Udet U 11 Kondor, The Udet U 11 Kondor was a German four-engined airliner designed and built by Udet Flugzeugbau only one was built.,NaturalPlace,MeanOfTransportation,"Let's think step by step. This encyclopedia article is about the Udet U 11 Kondor, which is an aircraft. The article mentions that it was a four-engined airliner, designed and built by Udet Flugzeugbau. While the article does not mention the purpose of the aircraft, it is clear that it was designed for air travel, so it is not a building or a natural place. The most fitting category is therefore Aircraft. However, since it was an airliner, it is"
35,USNS Mission San Rafael (T-AO-130), SS Mission San Rafael was a Type T2-SE-A2 tanker built for the United States Maritime Commission during World War II. After the war she was acquired by the United States Navy as USS Mission San Rafael (AO-130). Later the tanker transferred to the Military Sea Transportation Service as USNS Mission San Rafael (T-AO-130). She was a member of the Mission Buenaventura-class oiler and was named for Mission San Rafael Arcángel she was the only U.S. Naval vessel to bear the name.,Film,MeanOfTransportation,"Let's break down the information provided and determine the most appropriate category for this entry.

The entry describes a specific vessel, SS Mission San Rafael, which was a Type T2-SE-A2 tanker built during World War II for the United States Maritime Commission. After the war, it was acquired by the U.S. Navy and later transferred to the Military Sea Transportation Service. The vessel was named after Mission San Rafael Arcángel and was the only U.S. Naval vessel to"
37,St Lukes Private Hospital, St. Lukes Hospital is a private hospital located in Launceston Tasmania Australia. St. Luke's was founded in 1900 by the St. Luke's Anglican Association a charitable organisation and was designed to be for the care of the aged disabled and terminally ill. It was first sold in 1986 and again sold in 2004 this time to Little Company of Mary Health Care owners of Calvary Hospital.,Company,Building,"This information pertains to St. Luke's Hospital, which is a private hospital in Launceston, Tasmania, Australia. The hospital was founded in 1900 by the St. Luke's Anglican Association, a charitable organization, with the purpose of providing care for the aged, disabled, and terminally ill. It was sold twice, first in 1986 and again in 2004, to the Little Company of Mary Health Care, which also owns Calvary Hospital.

"
41,HM Prison Hull, HM Prison Hull is a Category B men's local prison located in Kingston upon Hull in the East Riding of Yorkshire England. The term 'local' means that this prison holds people on remand to the local courts. The prison is operated by Her Majesty's Prison Service.,EducationalInstitution,Building,"Let's break down the information provided:

* **HM Prison Hull** is a prison located in Kingston upon Hull, East Riding of Yorkshire, England.
* It is a **Category B men's local prison**. This means:
    * **Category B**: It houses inmates who have committed less serious crimes and are considered less of a risk.
    * **Men's**: It exclusively houses male inmates.
    * **Local**: It holds people on remand to the local courts, meaning"
42,Alapahoochee River, The Alapahoochee River is a 14.4-mile-long (23.2 km) tributary of the Alapaha River in Georgia and Florida in the United States. Via the Alapaha and Suwannee rivers its waters flow to the Gulf of Mexico.The river rises on the boundary between Lowndes and Echols counties at the confluence of Grand Bay Creek and Mud Creek about 10 miles (16 km) southeast of Valdosta.,MeanOfTransportation,NaturalPlace,"Let's think step by step. This encyclopedia article is about the Alapahoochee River, which is a river in the United States. While rivers are natural places, they are not geographical locations, so Natural Place is not the category. Rivers are also not buildings, so Building is not the category. The most suitable category for a river is Method Of Transportation. Category: Method Of Transportation."
43,Lovely Seat, Lovely Seat is a fell in the Yorkshire Dales National Park in North Yorkshire England which reaches a height of 675 metres (2215 feet). It is situated at grid reference SD878950 five kilometres north of the town of Hawes and is part of the high ground which separates Wensleydale from Swaledale. It is the highest point of Abbotside Common.,OfficeHolder,NaturalPlace,"Let's think step by step. This encyclopedia article is about Lovely Seat, which is a fell in the Yorkshire Dales National Park in North Yorkshire, England. Fell is a term used to describe a mountain or hill, so it is not the category. The article mentions the height of the fell, which is 675 meters, and its location, which is at grid reference SD878950, five kilometers north of the town of Hawes. It is also mentioned that it"
45,Asiak River, The Asiak River is a waterway in the Kitikmeot Region of Nunavut in Canada. It flows generally north to Coronation Gulf an arm of the Arctic Ocean. It runs parallel to the Coppermine River 29 km (18 mi) to the west.The Inuit community of Kugluktuk (formerly Coppermine) is located at the mouth of the Coppermine River approximately 30.5 km (19.0 mi) to the west.,Athlete,NaturalPlace,"Let's analyze the information provided:

* The Asiak River flows generally north to Coronation Gulf, an arm of the Arctic Ocean.
* It runs parallel to the Coppermine River, which is 29 km (18 mi) to the west.
* The Inuit community of Kugluktuk (formerly Coppermine) is located at the mouth of the Coppermine River, approximately 30.5 km (19.0 mi) to the west.

"
47,Creața River, The Creața River is a tributary of the Șercăița River in Romania.,Artist,NaturalPlace,"Let's break down the information provided:

* **Creața River:** This is a river in Romania.
* **Șercăița River:** This is another river in Romania.
* **Tributary:** A tributary is a river or stream that flows into another river.

Based on this information, the correct answer is:

**River**"
55,Uranothauma cordatus, Uranothauma cordatus is a butterfly in the Lycaenidae family. It is found in Uganda the Democratic Republic of Congo (the north-eastern part of the country to Kivu) Kenya and northern Tanzania. The habitat consists of montane areas at altitudes above 1500 meters.Adult males mud-puddle and have also been recorded on excrement.,NaturalPlace,Animal,"Let's break down the information provided about Uranothauma cordatus:

* **Scientific Name:** Uranothauma cordatus
* **Family:** Lycaenidae (Lycaenid family)
* **Geographical Distribution:** Uganda, Democratic Republic of Congo (northeastern part to Kivu), Kenya, and northern Tanzania
* **Habitat:** Montane areas at altitudes above 1500 meters
* **Behavior:** Adult males engage in mud-puddling behavior and have"
56,Poecilia sphenops, Poecilia sphenops is a species of fish of the genus Poecilia known under the common name molly; to distinguish it from its congeners it is sometimes called short-finned molly or common molly. They inhabit fresh water streams and coastal brackish and marine waters of Mexico.,Company,Animal,"Let's break down the information provided:

* **Scientific Name:** Poecilia sphenops
* **Common Name:** Molly
* **Sub-Common Name:** Short-finned molly or common molly (used to distinguish it from other Poecilia species)
* **Habitat:** Fresh water streams and coastal brackish and marine waters of Mexico

Now, let's determine the most appropriate category for this information:

* **Company:** Not applicable.
* **"
65,Amaranthus brownii, Amaranthus brownii is an annual herb in the Amaranthaceae family. The plant is found only on the small island of Nihoa in the Northwestern Hawaiian Islands growing on rocky outcrops at altitudes of 120–215 m (394–705 ft). It is one of nine species of Amaranthus in the Hawaiian Islands but the only endemic Hawaiian species of the genus. It was first discovered during the Tanager Expedition in 1923 by botanist Edward Leonard Caum. A.,NaturalPlace,Plant,"Let's think step by step. This encyclopedia article is about Amaranthus brownii, which is a plant species. The article mentions that it is an annual herb in the Amaranthaceae family, which is a type of plant family. The plant is found on a specific island and at specific altitudes, which are geographical features. The most fitting category for this type of information is therefore Natural Place. Category: Natural Place."
68,Enregistrement Public à l'Olympia 1964, Enregistrement Public à l'Olympia 1964 is Jacques Brel's second live album. Also known as Olympia 64 the album was reissued in an exteded version on 23 September 2003 under the title Enregistrement Public à l'Olympia 1964 as part of the 16-CD box set Boîte à Bonbons by Barclay (980 817-1). The album is listed in the book 1001 Albums You Must Hear Before You Die.,Artist,Album,"Let's break down the information provided:

* **Title:** Enregistrement Public à l'Olympia 1964
* **Artist:** Jacques Brel
* **Release Date:** 1964 (original release)
* **Reissue Date:** 23 September 2003
* **Reissue Title:** Enregistrement Public à l'Olympia 1964 (as part of the 16-CD box set Boîte à Bonbons"
72,Dorian Gray (1970 film), Dorian Gray is a 1970 movie adaptation of Oscar Wilde's novel The Picture of Dorian Gray starring Helmut Berger. Directed by Massimo Dallamano the film stresses the decadence and eroticism of the story and changes the setting to early 1970s London.,Artist,Film,"Let's analyze the information provided:

* The movie is a 1970 adaptation of Oscar Wilde's novel *The Picture of Dorian Gray*.
* It stars Helmut Berger.
* It was directed by Massimo Dallamano.
* The film emphasizes the decadence and eroticism of the story.
* It changes the setting to early 1970s London.

Based on this information, we can identify the following categories:

* **Artist"
78,Ledfeather, Ledfeather is a 2008 novel by Native American author Stephen Graham Jones published by FC2 (Fiction Collective Two).,Artist,WrittenWork,"Let's analyze the information provided:

* **Ledfeather** is a novel.
* **Published in 2008**.
* **Author:** Stephen Graham Jones.
* **Publisher:** FC2 (Fiction Collective Two).

Based on this information, we can determine the correct category:

* **Author:** This is a clear identification of the person who wrote the novel.
* **Published:** This indicates the year the novel was released.
* **"
80,The Mind's Construction Quarterly, The Mind's Construction Quarterly was a UK-based magazine and webzine edited by Neil Scott and reporting upon the psychological dimensions of arts and culture. It had a postmodern slant but is classical in terms of its aesthetics.,OfficeHolder,WrittenWork,"Let's analyze the information provided:

* **Magazine and Webzine:** The Mind's Construction Quarterly was a publication that existed both in print and online.
* **UK-Based:** It was published in the United Kingdom.
* **Edited by Neil Scott:** Neil Scott was the editor of the magazine.
* **Reporting on Psychological Dimensions:** The magazine focused on exploring the psychological aspects of arts and culture.
* **Postmodern Slant:** It had a postmodern perspective, indicating a"
81,Alula (magazine), Alula was an ornithological magazine published in Finland. Initially it was published in both Finnish and English but the final volumes were published in English only. It was aimed primarily at birders with an interest in the birds of the Western Palearctic. The final issue of Alula was issued in 2008 (volume 14 issue 3) after which printing ceased due to financial problems.,Village,WrittenWork,"Let's analyze the information provided to determine the most appropriate category for Alula:

* **Publication Type:** Alula was an ornithological magazine, which suggests it was a publication focused on birds and ornithology.
* **Target Audience:** It was aimed primarily at birders with an interest in the birds of the Western Palearctic. This indicates a specialized audience interested in birdwatching and identification.
* **Language:** Initially published in both Finnish and English, but the final volumes were published"
82,The Shawnee News-Star, The Shawnee News-Star is an American daily newspaper published in Shawnee Oklahoma. It is the newspaper of record for Pottawatomie Lincoln and Seminole counties in the Oklahoma City metropolitan area. It took its current name in 1943 after the merger of the Shawnee Evening Star and Shawnee Morning News. The paper was formerly owned by Stauffer Communications which was acquired by Morris Communications in 1994. Morris sold the paper along with thirteen others to GateHouse Media in 2007.,Film,WrittenWork,"Let's think step by step. This encyclopedia article is about The Shawnee News-Star, which is a daily newspaper published in Shawnee, Oklahoma. While the article mentions the newspaper's history and ownership changes, it is not a person, place, or thing, so it does not fit into the categories of Company, Educational Institution, Artist, Athlete, Office Holder, Method Of Transportation, Building, Natural Place, Village, Animal, Plant, Album, or Film. The most suitable category for this type"
83,The Journal of Sexual Medicine, The Journal of Sexual Medicine (JSM) is a peer-reviewed medical journal published by Wiley-Blackwell on behalf of the International Society for Sexual Medicine. Besides the latter society it is also an official journal for the International Society for the Study of Women's Sexual Health. The editor-in-chief is Irwin Goldstein (University of California San Diego). The related open access journal Sexual Medicine was launched in 2013.,EducationalInstitution,WrittenWork,"Based on the information provided, the most fitting category for the Journal of Sexual Medicine (JSM) is:

**Educational Institution**

This is because JSM is a peer-reviewed medical journal, which is typically associated with an institution that publishes scholarly research and educational content. While it is also an official journal for specific societies, the primary focus is on the publication of research and educational materials, which aligns with the characteristics of an educational institution."
